Workbook

Sheet Dashboard
A1: STIG NIST Mapping - Compliance Dashboard
A3: System Name | B3: Total Findings | C3: Open | D3: Not a Finding | E3: Not Reviewed | F3: High | G3: Medium | H3: Low | I3: Compliance % | J3: Open High | K3: Open Medium | L3: Open Low
B4: =IF(ISREF(INDIRECT(A4&"!I:I")),COUNTA(INDIRECT(A4&"!I:I"))-1,0) -> 0 | C4: =IF(ISREF(INDIRECT(A4&"!I:I")),COUNTIF(INDIRECT(A4&"!I:I"),"open"),0) -> 0 | D4: {=IF(ISREF(INDIRECT(A4&"!I:I")),SUMPRODUCT(COUNTIF(INDIRECT(A4&"!I:I"),{"not_a_finding","notafinding"})),0)} -> 0 | E4: =IF(ISREF(INDIRECT(A4&"!I:I")),COUNTIF(INDIRECT(A4&"!I:I"),"not_reviewed"),0) -> 0 | F4: =IF(ISREF(INDIRECT(A4&"!H:H")),COUNTIF(INDIRECT(A4&"!H:H"),"high"),0) -> 0 | G4: =IF(ISREF(INDIRECT(A4&"!H:H")),COUNTIF(INDIRECT(A4&"!H:H"),"medium"),0) -> 0 | H4: =IF(ISREF(INDIRECT(A4&"!H:H")),COUNTIF(INDIRECT(A4&"!H:H"),"low"),0) -> 0 | I4: =IF(B4>0,ROUND((D4/B4)*100,1),0) -> 0 | J4: =IF(ISREF(INDIRECT(A4&"!I:I")),COUNTIFS(INDIRECT(A4&"!I:I"),"open",INDIRECT(A4&"!H:H"),"high"),0) -> 0 | K4: =IF(ISREF(INDIRECT(A4&"!I:I")),COUNTIFS(INDIRECT(A4&"!I:I"),"open",INDIRECT(A4&"!H:H"),"medium"),0) -> 0 | L4: =IF(ISREF(INDIRECT(A4&"!I:I")),COUNTIFS(INDIRECT(A4&"!I:I"),"open",INDIRECT(A4&"!H:H"),"low"),0) -> 0
B5: =IF(ISREF(INDIRECT(A5&"!I:I")),COUNTA(INDIRECT(A5&"!I:I"))-1,0) -> 0 | C5: =IF(ISREF(INDIRECT(A5&"!I:I")),COUNTIF(INDIRECT(A5&"!I:I"),"open"),0) -> 0 | D5: {=IF(ISREF(INDIRECT(A5&"!I:I")),SUMPRODUCT(COUNTIF(INDIRECT(A5&"!I:I"),{"not_a_finding","notafinding"})),0)} -> 0 | E5: =IF(ISREF(INDIRECT(A5&"!I:I")),COUNTIF(INDIRECT(A5&"!I:I"),"not_reviewed"),0) -> 0 | F5: =IF(ISREF(INDIRECT(A5&"!H:H")),COUNTIF(INDIRECT(A5&"!H:H"),"high"),0) -> 0 | G5: =IF(ISREF(INDIRECT(A5&"!H:H")),COUNTIF(INDIRECT(A5&"!H:H"),"medium"),0) -> 0 | H5: =IF(ISREF(INDIRECT(A5&"!H:H")),COUNTIF(INDIRECT(A5&"!H:H"),"low"),0) -> 0 | I5: =IF(B5>0,ROUND((D5/B5)*100,1),0) -> 0 | J5: =IF(ISREF(INDIRECT(A5&"!I:I")),COUNTIFS(INDIRECT(A5&"!I:I"),"open",INDIRECT(A5&"!H:H"),"high"),0) -> 0 | K5: =IF(ISREF(INDIRECT(A5&"!I:I")),COUNTIFS(INDIRECT(A5&"!I:I"),"open",INDIRECT(A5&"!H:H"),"medium"),0) -> 0 | L5: =IF(ISREF(INDIRECT(A5&"!I:I")),COUNTIFS(INDIRECT(A5&"!I:I"),"open",INDIRECT(A5&"!H:H"),"low"),0) -> 0
B6: =IF(ISREF(INDIRECT(A6&"!I:I")),COUNTA(INDIRECT(A6&"!I:I"))-1,0) -> 0 | C6: =IF(ISREF(INDIRECT(A6&"!I:I")),COUNTIF(INDIRECT(A6&"!I:I"),"open"),0) -> 0 | D6: {=IF(ISREF(INDIRECT(A6&"!I:I")),SUMPRODUCT(COUNTIF(INDIRECT(A6&"!I:I"),{"not_a_finding","notafinding"})),0)} -> 0 | E6: =IF(ISREF(INDIRECT(A6&"!I:I")),COUNTIF(INDIRECT(A6&"!I:I"),"not_reviewed"),0) -> 0 | F6: =IF(ISREF(INDIRECT(A6&"!H:H")),COUNTIF(INDIRECT(A6&"!H:H"),"high"),0) -> 0 | G6: =IF(ISREF(INDIRECT(A6&"!H:H")),COUNTIF(INDIRECT(A6&"!H:H"),"medium"),0) -> 0 | H6: =IF(ISREF(INDIRECT(A6&"!H:H")),COUNTIF(INDIRECT(A6&"!H:H"),"low"),0) -> 0 | I6: =IF(B6>0,ROUND((D6/B6)*100,1),0) -> 0 | J6: =IF(ISREF(INDIRECT(A6&"!I:I")),COUNTIFS(INDIRECT(A6&"!I:I"),"open",INDIRECT(A6&"!H:H"),"high"),0) -> 0 | K6: =IF(ISREF(INDIRECT(A6&"!I:I")),COUNTIFS(INDIRECT(A6&"!I:I"),"open",INDIRECT(A6&"!H:H"),"medium"),0) -> 0 | L6: =IF(ISREF(INDIRECT(A6&"!I:I")),COUNTIFS(INDIRECT(A6&"!I:I"),"open",INDIRECT(A6&"!H:H"),"low"),0) -> 0
B7: =IF(ISREF(INDIRECT(A7&"!I:I")),COUNTA(INDIRECT(A7&"!I:I"))-1,0) -> 0 | C7: =IF(ISREF(INDIRECT(A7&"!I:I")),COUNTIF(INDIRECT(A7&"!I:I"),"open"),0) -> 0 | D7: {=IF(ISREF(INDIRECT(A7&"!I:I")),SUMPRODUCT(COUNTIF(INDIRECT(A7&"!I:I"),{"not_a_finding","notafinding"})),0)} -> 0 | E7: =IF(ISREF(INDIRECT(A7&"!I:I")),COUNTIF(INDIRECT(A7&"!I:I"),"not_reviewed"),0) -> 0 | F7: =IF(ISREF(INDIRECT(A7&"!H:H")),COUNTIF(INDIRECT(A7&"!H:H"),"high"),0) -> 0 | G7: =IF(ISREF(INDIRECT(A7&"!H:H")),COUNTIF(INDIRECT(A7&"!H:H"),"medium"),0) -> 0 | H7: =IF(ISREF(INDIRECT(A7&"!H:H")),COUNTIF(INDIRECT(A7&"!H:H"),"low"),0) -> 0 | I7: =IF(B7>0,ROUND((D7/B7)*100,1),0) -> 0 | J7: =IF(ISREF(INDIRECT(A7&"!I:I")),COUNTIFS(INDIRECT(A7&"!I:I"),"open",INDIRECT(A7&"!H:H"),"high"),0) -> 0 | K7: =IF(ISREF(INDIRECT(A7&"!I:I")),COUNTIFS(INDIRECT(A7&"!I:I"),"open",INDIRECT(A7&"!H:H"),"medium"),0) -> 0 | L7: =IF(ISREF(INDIRECT(A7&"!I:I")),COUNTIFS(INDIRECT(A7&"!I:I"),"open",INDIRECT(A7&"!H:H"),"low"),0) -> 0
B8: =IF(ISREF(INDIRECT(A8&"!I:I")),COUNTA(INDIRECT(A8&"!I:I"))-1,0) -> 0 | C8: =IF(ISREF(INDIRECT(A8&"!I:I")),COUNTIF(INDIRECT(A8&"!I:I"),"open"),0) -> 0 | D8: {=IF(ISREF(INDIRECT(A8&"!I:I")),SUMPRODUCT(COUNTIF(INDIRECT(A8&"!I:I"),{"not_a_finding","notafinding"})),0)} -> 0 | E8: =IF(ISREF(INDIRECT(A8&"!I:I")),COUNTIF(INDIRECT(A8&"!I:I"),"not_reviewed"),0) -> 0 | F8: =IF(ISREF(INDIRECT(A8&"!H:H")),COUNTIF(INDIRECT(A8&"!H:H"),"high"),0) -> 0 | G8: =IF(ISREF(INDIRECT(A8&"!H:H")),COUNTIF(INDIRECT(A8&"!H:H"),"medium"),0) -> 0 | H8: =IF(ISREF(INDIRECT(A8&"!H:H")),COUNTIF(INDIRECT(A8&"!H:H"),"low"),0) -> 0 | I8: =IF(B8>0,ROUND((D8/B8)*100,1),0) -> 0 | J8: =IF(ISREF(INDIRECT(A8&"!I:I")),COUNTIFS(INDIRECT(A8&"!I:I"),"open",INDIRECT(A8&"!H:H"),"high"),0) -> 0 | K8: =IF(ISREF(INDIRECT(A8&"!I:I")),COUNTIFS(INDIRECT(A8&"!I:I"),"open",INDIRECT(A8&"!H:H"),"medium"),0) -> 0 | L8: =IF(ISREF(INDIRECT(A8&"!I:I")),COUNTIFS(INDIRECT(A8&"!I:I"),"open",INDIRECT(A8&"!H:H"),"low"),0) -> 0
B9: =IF(ISREF(INDIRECT(A9&"!I:I")),COUNTA(INDIRECT(A9&"!I:I"))-1,0) -> 0 | C9: =IF(ISREF(INDIRECT(A9&"!I:I")),COUNTIF(INDIRECT(A9&"!I:I"),"open"),0) -> 0 | D9: {=IF(ISREF(INDIRECT(A9&"!I:I")),SUMPRODUCT(COUNTIF(INDIRECT(A9&"!I:I"),{"not_a_finding","notafinding"})),0)} -> 0 | E9: =IF(ISREF(INDIRECT(A9&"!I:I")),COUNTIF(INDIRECT(A9&"!I:I"),"not_reviewed"),0) -> 0 | F9: =IF(ISREF(INDIRECT(A9&"!H:H")),COUNTIF(INDIRECT(A9&"!H:H"),"high"),0) -> 0 | G9: =IF(ISREF(INDIRECT(A9&"!H:H")),COUNTIF(INDIRECT(A9&"!H:H"),"medium"),0) -> 0 | H9: =IF(ISREF(INDIRECT(A9&"!H:H")),COUNTIF(INDIRECT(A9&"!H:H"),"low"),0) -> 0 | I9: =IF(B9>0,ROUND((D9/B9)*100,1),0) -> 0 | J9: =IF(ISREF(INDIRECT(A9&"!I:I")),COUNTIFS(INDIRECT(A9&"!I:I"),"open",INDIRECT(A9&"!H:H"),"high"),0) -> 0 | K9: =IF(ISREF(INDIRECT(A9&"!I:I")),COUNTIFS(INDIRECT(A9&"!I:I"),"open",INDIRECT(A9&"!H:H"),"medium"),0) -> 0 | L9: =IF(ISREF(INDIRECT(A9&"!I:I")),COUNTIFS(INDIRECT(A9&"!I:I"),"open",INDIRECT(A9&"!H:H"),"low"),0) -> 0
B10: =IF(ISREF(INDIRECT(A10&"!I:I")),COUNTA(INDIRECT(A10&"!I:I"))-1,0) -> 0 | C10: =IF(ISREF(INDIRECT(A10&"!I:I")),COUNTIF(INDIRECT(A10&"!I:I"),"open"),0) -> 0 | D10: {=IF(ISREF(INDIRECT(A10&"!I:I")),SUMPRODUCT(COUNTIF(INDIRECT(A10&"!I:I"),{"not_a_finding","notafinding"})),0)} -> 0 | E10: =IF(ISREF(INDIRECT(A10&"!I:I")),COUNTIF(INDIRECT(A10&"!I:I"),"not_reviewed"),0) -> 0 | F10: =IF(ISREF(INDIRECT(A10&"!H:H")),COUNTIF(INDIRECT(A10&"!H:H"),"high"),0) -> 0 | G10: =IF(ISREF(INDIRECT(A10&"!H:H")),COUNTIF(INDIRECT(A10&"!H:H"),"medium"),0) -> 0 | H10: =IF(ISREF(INDIRECT(A10&"!H:H")),COUNTIF(INDIRECT(A10&"!H:H"),"low"),0) -> 0 | I10: =IF(B10>0,ROUND((D10/B10)*100,1),0) -> 0 | J10: =IF(ISREF(INDIRECT(A10&"!I:I")),COUNTIFS(INDIRECT(A10&"!I:I"),"open",INDIRECT(A10&"!H:H"),"high"),0) -> 0 | K10: =IF(ISREF(INDIRECT(A10&"!I:I")),COUNTIFS(INDIRECT(A10&"!I:I"),"open",INDIRECT(A10&"!H:H"),"medium"),0) -> 0 | L10: =IF(ISREF(INDIRECT(A10&"!I:I")),COUNTIFS(INDIRECT(A10&"!I:I"),"open",INDIRECT(A10&"!H:H"),"low"),0) -> 0
B11: =IF(ISREF(INDIRECT(A11&"!I:I")),COUNTA(INDIRECT(A11&"!I:I"))-1,0) -> 0 | C11: =IF(ISREF(INDIRECT(A11&"!I:I")),COUNTIF(INDIRECT(A11&"!I:I"),"open"),0) -> 0 | D11: {=IF(ISREF(INDIRECT(A11&"!I:I")),SUMPRODUCT(COUNTIF(INDIRECT(A11&"!I:I"),{"not_a_finding","notafinding"})),0)} -> 0 | E11: =IF(ISREF(INDIRECT(A11&"!I:I")),COUNTIF(INDIRECT(A11&"!I:I"),"not_reviewed"),0) -> 0 | F11: =IF(ISREF(INDIRECT(A11&"!H:H")),COUNTIF(INDIRECT(A11&"!H:H"),"high"),0) -> 0 | G11: =IF(ISREF(INDIRECT(A11&"!H:H")),COUNTIF(INDIRECT(A11&"!H:H"),"medium"),0) -> 0 | H11: =IF(ISREF(INDIRECT(A11&"!H:H")),COUNTIF(INDIRECT(A11&"!H:H"),"low"),0) -> 0 | I11: =IF(B11>0,ROUND((D11/B11)*100,1),0) -> 0 | J11: =IF(ISREF(INDIRECT(A11&"!I:I")),COUNTIFS(INDIRECT(A11&"!I:I"),"open",INDIRECT(A11&"!H:H"),"high"),0) -> 0 | K11: =IF(ISREF(INDIRECT(A11&"!I:I")),COUNTIFS(INDIRECT(A11&"!I:I"),"open",INDIRECT(A11&"!H:H"),"medium"),0) -> 0 | L11: =IF(ISREF(INDIRECT(A11&"!I:I")),COUNTIFS(INDIRECT(A11&"!I:I"),"open",INDIRECT(A11&"!H:H"),"low"),0) -> 0
B12: =IF(ISREF(INDIRECT(A12&"!I:I")),COUNTA(INDIRECT(A12&"!I:I"))-1,0) -> 0 | C12: =IF(ISREF(INDIRECT(A12&"!I:I")),COUNTIF(INDIRECT(A12&"!I:I"),"open"),0) -> 0 | D12: {=IF(ISREF(INDIRECT(A12&"!I:I")),SUMPRODUCT(COUNTIF(INDIRECT(A12&"!I:I"),{"not_a_finding","notafinding"})),0)} -> 0 | E12: =IF(ISREF(INDIRECT(A12&"!I:I")),COUNTIF(INDIRECT(A12&"!I:I"),"not_reviewed"),0) -> 0 | F12: =IF(ISREF(INDIRECT(A12&"!H:H")),COUNTIF(INDIRECT(A12&"!H:H"),"high"),0) -> 0 | G12: =IF(ISREF(INDIRECT(A12&"!H:H")),COUNTIF(INDIRECT(A12&"!H:H"),"medium"),0) -> 0 | H12: =IF(ISREF(INDIRECT(A12&"!H:H")),COUNTIF(INDIRECT(A12&"!H:H"),"low"),0) -> 0 | I12: =IF(B12>0,ROUND((D12/B12)*100,1),0) -> 0 | J12: =IF(ISREF(INDIRECT(A12&"!I:I")),COUNTIFS(INDIRECT(A12&"!I:I"),"open",INDIRECT(A12&"!H:H"),"high"),0) -> 0 | K12: =IF(ISREF(INDIRECT(A12&"!I:I")),COUNTIFS(INDIRECT(A12&"!I:I"),"open",INDIRECT(A12&"!H:H"),"medium"),0) -> 0 | L12: =IF(ISREF(INDIRECT(A12&"!I:I")),COUNTIFS(INDIRECT(A12&"!I:I"),"open",INDIRECT(A12&"!H:H"),"low"),0) -> 0
B13: =IF(ISREF(INDIRECT(A13&"!I:I")),COUNTA(INDIRECT(A13&"!I:I"))-1,0) -> 0 | C13: =IF(ISREF(INDIRECT(A13&"!I:I")),COUNTIF(INDIRECT(A13&"!I:I"),"open"),0) -> 0 | D13: {=IF(ISREF(INDIRECT(A13&"!I:I")),SUMPRODUCT(COUNTIF(INDIRECT(A13&"!I:I"),{"not_a_finding","notafinding"})),0)} -> 0 | E13: =IF(ISREF(INDIRECT(A13&"!I:I")),COUNTIF(INDIRECT(A13&"!I:I"),"not_reviewed"),0) -> 0 | F13: =IF(ISREF(INDIRECT(A13&"!H:H")),COUNTIF(INDIRECT(A13&"!H:H"),"high"),0) -> 0 | G13: =IF(ISREF(INDIRECT(A13&"!H:H")),COUNTIF(INDIRECT(A13&"!H:H"),"medium"),0) -> 0 | H13: =IF(ISREF(INDIRECT(A13&"!H:H")),COUNTIF(INDIRECT(A13&"!H:H"),"low"),0) -> 0 | I13: =IF(B13>0,ROUND((D13/B13)*100,1),0) -> 0 | J13: =IF(ISREF(INDIRECT(A13&"!I:I")),COUNTIFS(INDIRECT(A13&"!I:I"),"open",INDIRECT(A13&"!H:H"),"high"),0) -> 0 | K13: =IF(ISREF(INDIRECT(A13&"!I:I")),COUNTIFS(INDIRECT(A13&"!I:I"),"open",INDIRECT(A13&"!H:H"),"medium"),0) -> 0 | L13: =IF(ISREF(INDIRECT(A13&"!I:I")),COUNTIFS(INDIRECT(A13&"!I:I"),"open",INDIRECT(A13&"!H:H"),"low"),0) -> 0
A14: TOTALS | B14: =SUM(B4:B13) -> 0 | C14: =SUM(C4:C13) -> 0 | D14: =SUM(D4:D13) -> 0 | E14: =SUM(E4:E13) -> 0 | F14: =SUM(F4:F13) -> 0 | G14: =SUM(G4:G13) -> 0 | H14: =SUM(H4:H13) -> 0 | I14: =IF(B14>0,ROUND((D14/B14)*100,1),0) -> 0 | J14: =SUM(J4:J13) -> 0 | K14: =SUM(K4:K13) -> 0 | L14: =SUM(L4:L13) -> 0
A16: Severity & Status Breakdown | B16: Number
A17: CAT I Open (High) | B17: =J14 -> 0
A18: CAT II Open (Medium) | B18: =K14 -> 0
A19: CAT III Open (Low) | B19: =L14 -> 0
A20: Not a Finding | B20: =D14 -> 0
A21: Not Reviewed | B21: =E14 -> 0

Sheet Instructions

Sheet Compliance
A1: ALL CONTROL FAMILIES - COMPLIANCE SUMMARY
A2: Control Family | B2: Controls | C2: Subcontrols | D2: Total | E2: Not Applicable / Tailored Out | F2: Total Applicable | G2: Compliant | H2: Partially Compliant | I2: Planned / Not Compliant | J2: Percentage Compliant
A3: AC | B3: 23 | C3: 89 | D3: 112 | E3: 50 | F3: 62 | G3: =SUM('CAT I Controls'!G3+'CAT II Controls'!G3+'CAT III Controls'!G3) -> 2 | H3: =SUM('CAT I Controls'!H3+'CAT II Controls'!H3+'CAT III Controls'!H3) -> 0 | I3: =SUM('CAT I Controls'!I3+'CAT II Controls'!I3+'CAT III Controls'!I3) -> 0 | J3: =G3/F3 -> 0.032258065
A4: AT | B4: 4 | C4: 6 | D4: 10 | E4: 3 | F4: 7 | G4: =SUM('CAT I Controls'!G4+'CAT II Controls'!G4+'CAT III Controls'!G4) -> 0 | H4: =SUM('CAT I Controls'!H4+'CAT II Controls'!H4+'CAT III Controls'!H4) -> 0 | I4: =SUM('CAT I Controls'!I4+'CAT II Controls'!I4+'CAT III Controls'!I4) -> 0 | J4: =G4/F4 -> 0
A5: AU | B5: 16 | C5: 41 | D5: 57 | E5: 17 | F5: 40 | G5: =SUM('CAT I Controls'!G5+'CAT II Controls'!G5+'CAT III Controls'!G5) -> 0 | H5: =SUM('CAT I Controls'!H5+'CAT II Controls'!H5+'CAT III Controls'!H5) -> 0 | I5: =SUM('CAT I Controls'!I5+'CAT II Controls'!I5+'CAT III Controls'!I5) -> 0 | J5: =G5/F5 -> 0
A6: CA | B6: 8 | C6: 14 | D6: 22 | E6: 10 | F6: 12 | G6: =SUM('CAT I Controls'!G6+'CAT II Controls'!G6+'CAT III Controls'!G6) -> 0 | H6: =SUM('CAT I Controls'!H6+'CAT II Controls'!H6+'CAT III Controls'!H6) -> 0 | I6: =SUM('CAT I Controls'!I6+'CAT II Controls'!I6+'CAT III Controls'!I6) -> 0 | J6: =G6/F6 -> 0
A7: CM | B7: 11 | C7: 39 | D7: 50 | E7: 25 | F7: 25 | G7: =SUM('CAT I Controls'!G7+'CAT II Controls'!G7+'CAT III Controls'!G7) -> 0 | H7: =SUM('CAT I Controls'!H7+'CAT II Controls'!H7+'CAT III Controls'!H7) -> 0 | I7: =SUM('CAT I Controls'!I7+'CAT II Controls'!I7+'CAT III Controls'!I7) -> 0 | J7: =G7/F7 -> 0
A8: CP | B8: 12 | C8: 36 | D8: 48 | E8: 41 | F8: 7 | G8: =SUM('CAT I Controls'!G8+'CAT II Controls'!G8+'CAT III Controls'!G8) -> 0 | H8: =SUM('CAT I Controls'!H8+'CAT II Controls'!H8+'CAT III Controls'!H8) -> 0 | I8: =SUM('CAT I Controls'!I8+'CAT II Controls'!I8+'CAT III Controls'!I8) -> 0 | J8: =G8/F8 -> 0
A9: IA | B9: 11 | C9: 45 | D9: 56 | E9: 25 | F9: 31 | G9: =SUM('CAT I Controls'!G9+'CAT II Controls'!G9+'CAT III Controls'!G9) -> 0 | H9: =SUM('CAT I Controls'!H9+'CAT II Controls'!H9+'CAT III Controls'!H9) -> 0 | I9: =SUM('CAT I Controls'!I9+'CAT II Controls'!I9+'CAT III Controls'!I9) -> 0 | J9: =G9/F9 -> 0
A10: IR | B10: 10 | C10: 24 | D10: 34 | E10: 8 | F10: 26 | G10: =SUM('CAT I Controls'!G10+'CAT II Controls'!G10+'CAT III Controls'!G10) -> 1 | H10: =SUM('CAT I Controls'!H10+'CAT II Controls'!H10+'CAT III Controls'!H10) -> 0 | I10: =SUM('CAT I Controls'!I10+'CAT II Controls'!I10+'CAT III Controls'!I10) -> 0 | J10: =G10/F10 -> 0.038461538
A11: MA | B11: 6 | C11: 20 | D11: 26 | E11: 7 | F11: 19 | G11: =SUM('CAT I Controls'!G11+'CAT II Controls'!G11+'CAT III Controls'!G11) -> 0 | H11: =SUM('CAT I Controls'!H11+'CAT II Controls'!H11+'CAT III Controls'!H11) -> 0 | I11: =SUM('CAT I Controls'!I11+'CAT II Controls'!I11+'CAT III Controls'!I11) -> 0 | J11: =G11/F11 -> 0
A12: MP | B12: 8 | C12: 14 | D12: 22 | E12: 4 | F12: 18 | G12: =SUM('CAT I Controls'!G12+'CAT II Controls'!G12+'CAT III Controls'!G12) -> 0 | H12: =SUM('CAT I Controls'!H12+'CAT II Controls'!H12+'CAT III Controls'!H12) -> 0 | I12: =SUM('CAT I Controls'!I12+'CAT II Controls'!I12+'CAT III Controls'!I12) -> 0 | J12: =G12/F12 -> 0
A13: PE | B13: 19 | C13: 31 | D13: 50 | E13: 25 | F13: 25 | G13: =SUM('CAT I Controls'!G13+'CAT II Controls'!G13+'CAT III Controls'!G13) -> 0 | H13: =SUM('CAT I Controls'!H13+'CAT II Controls'!H13+'CAT III Controls'!H13) -> 0 | I13: =SUM('CAT I Controls'!I13+'CAT II Controls'!I13+'CAT III Controls'!I13) -> 0 | J13: =G13/F13 -> 0
A14: PL | B14: 6 | C14: 4 | D14: 10 | E14: 2 | F14: 8 | G14: =SUM('CAT I Controls'!G14+'CAT II Controls'!G14+'CAT III Controls'!G14) -> 0 | H14: =SUM('CAT I Controls'!H14+'CAT II Controls'!H14+'CAT III Controls'!H14) -> 0 | I14: =SUM('CAT I Controls'!I14+'CAT II Controls'!I14+'CAT III Controls'!I14) -> 0 | J14: =G14/F14 -> 0
... A20: PM | B20: 16 | C20: 0 | D20: 16 | E20: 0 | F20: 16 | G20: =SUM('CAT I Controls'!G20+'CAT II Controls'!G20+'CAT III Controls'!G20) -> 0 | H20: =SUM('CAT I Controls'!H20+'CAT II Controls'!H20+'CAT III Controls'!H20) -> 0 | I20: =SUM('CAT I Controls'!I20+'CAT II Controls'!I20+'CAT III Controls'!I20) -> 0 | J20: =G20/F20 -> 0
A21: TOTAL | B21: =SUM(B3:B20) -> 238 | C21: =SUM(C3:C20) -> 585 | D21: =SUM(D3:D20) -> 823 | E21: =SUM(E3:E20) -> 389 | F21: =SUM(F3:F20) -> 434 | G21: =SUM(G3:G20) -> 5 | H21: =SUM(H3:H20) -> 0 | I21: =SUM(I3:I20) -> 0 | J21: =AVERAGE(J3:J20) -> 0.0064390732

Sheet CAT I Controls
A1: CAT I (HIGH CRITICALITY) CONTROLS
A2: Control Family | B2: Controls | C2: Subcontrols | D2: Total | E2: Not Applicable / Tailored Out | F2: Total Applicable | G2: Compliant | H2: Partially Compliant | I2: Planned / Not Compliant | J2: Percentage Compliant
A3: AC | B3: 0 | C3: 0 | D3: 0 | E3: 0 | F3: 0 | G3: 0 | H3: 0 | I3: 0
A4: AT | B4: 0 | C4: 0 | D4: 0 | E4: 0 | F4: 0 | G4: 0 | H4: 0 | I4: 0
A5: AU | B5: 0 | C5: 0 | D5: 0 | E5: 0 | F5: 0 | G5: 0 | H5: 0 | I5: 0
A6: CA | B6: 0 | C6: 0 | D6: 0 | E6: 0 | F6: 0 | G6: 0 | H6: 0 | I6: 0
A7: CM | B7: 0 | C7: 0 | D7: 0 | E7: 0 | F7: 0 | G7: 0 | H7: 0 | I7: 0
A8: CP | B8: 0 | C8: 0 | D8: 0 | E8: 0 | F8: 0 | G8: 0 | H8: 0 | I8: 0
A9: IA | B9: 0 | C9: 0 | D9: 0 | E9: 0 | F9: 0 | G9: 0 | H9: 0 | I9: 0
A10: IR | B10: 1 | C10: 0 | D10: 1 | E10: 0 | F10: 1 | G10: 1 | H10: 0 | I10: 0 | J10: =IF(F10>0,G10/F10,0) -> 1
A11: MA | B11: 0 | C11: 0 | D11: 0 | E11: 0 | F11: 0 | G11: 0 | H11: 0 | I11: 0
A12: MP | B12: 0 | C12: 0 | D12: 0 | E12: 0 | F12: 0 | G12: 0 | H12: 0 | I12: 0
A13: PE | B13: 0 | C13: 0 | D13: 0 | E13: 0 | F13: 0 | G13: 0 | H13: 0 | I13: 0
A14: PL | B14: 0 | C14: 0 | D14: 0 | E14: 0 | F14: 0 | G14: 0 | H14: 0 | I14: 0
A15: PS | B15: 0 | C15: 0 | D15: 0 | E15: 0 | F15: 0 | G15: 0 | H15: 0 | I15: 0
A16: RA | B16: 0 | C16: 0 | D16: 0 | E16: 0 | F16: 0 | G16: 0 | H16: 0 | I16: 0
A17: SA | B17: 0 | C17: 0 | D17: 0 | E17: 0 | F17: 0 | G17: 0 | H17: 0 | I17: 0
A18: SC | B18: 1 | C18: 2 | D18: 3 | E18: 1 | F18: 2 | G18: 1 | H18: 0 | I18: 0 | J18: =IF(F18>0,G18/F18,0) -> 0.5
A19: SI | B19: 2 | C19: 2 | D19: 4 | E19: 0 | F19: 4 | G19: 1 | H19: 0 | I19: 0 | J19: =IF(F19>0,G19/F19,0) -> 0.25
A20: PM | B20: 0 | C20: 0 | D20: 0 | E20: 0 | F20: 0 | G20: 0 | H20: 0 | I20: 0
A21: TOTAL | B21: =SUM(B3:B20) -> 4 | C21: =SUM(C3:C20) -> 4 | D21: =SUM(D3:D20) -> 8 | E21: =SUM(E3:E20) -> 1 | F21: =SUM(F3:F20) -> 7 | G21: =SUM(G3:G20) -> 3 | H21: =SUM(H3:H20) -> 0 | I21: =SUM(I3:I20) -> 0 | J21: =AVERAGE(J3:J20) -> 0.58333333

Sheet CAT II Controls
A1: CAT II (MEDIUM CRITICALITY) CONTROLS
A2: Control Family | B2: Controls | C2: Subcontrols | D2: Total | E2: Not Applicable / Tailored Out | F2: Total Applicable | G2: Compliant | H2: Partially Compliant | I2: Planned / Not Compliant | J2: Percentage Compliant
A3: AC | B3: 6 | C3: 22 | D3: 28 | E3: 3 | F3: 25 | G3: 0 | H3: 0 | I3: 0 | J3: =IF(F3>0,G3/F3,0) -> 0
A4: AT | B4: 0 | C4: 0 | D4: 0 | E4: 0 | F4: 0 | G4: 0 | H4: 0 | I4: 0
A5: AU | B5: 4 | C5: 6 | D5: 10 | E5: 0 | F5: 10 | G5: 0 | H5: 0 | I5: 0 | J5: =IF(F5>0,G5/F5,0) -> 0
A6: CA | B6: 3 | C6: 3 | D6: 6 | E6: 0 | F6: 6 | G6: 0 | H6: 0 | I6: 0 | J6: =IF(F6>0,G6/F6,0) -> 0
A7: CM | B7: 9 | C7: 24 | D7: 33 | E7: 13 | F7: 20 | G7: 0 | H7: 0 | I7: 0 | J7: =IF(F7>0,G7/F7,0) -> 0
A8: CP | B8: 4 | C8: 6 | D8: 10 | E8: 7 | F8: 3 | G8: 0 | H8: 0 | I8: 0 | J8: =IF(F8>0,G8/F8,0) -> 0
A9: IA | B9: 4 | C9: 1 | D9: 5 | E9: 0 | F9: 5 | G9: 0 | H9: 0 | I9: 0 | J9: =IF(F9>0,G9/F9,0) -> 0
A10: IR | B10: 3 | C10: 2 | D10: 5 | E10: 0 | F10: 5 | G10: 0 | H10: 0 | I10: 0 | J10: =IF(F10>0,G10/F10,0) -> 0
A11: MA | B11: 1 | C11: 2 | D11: 3 | E11: 0 | F11: 3 | G11: 0 | H11: 0 | I11: 0 | J11: =IF(F11>0,G11/F11,0) -> 0
A12: MP | B12: 3 | C12: 0 | D12: 3 | E12: 0 | F12: 3 | G12: 0 | H12: 0 | I12: 0 | J12: =IF(F12>0,G12/F12,0) -> 0
A13: PE | B13: 3 | C13: 0 | D13: 3 | E13: 0 | F13: 3 | G13: 0 | H13: 0 | I13: 0 | J13: =IF(F13>0,G13/F13,0) -> 0
A14: PL | B14: 0 | C14: 0 | D14: 0 | E14: 0 | F14: 0 | G14: 0 | H14: 0 | I14: 0
A15: PS | B15: 2 | C15: 0 | D15: 2 | E15: 0 | F15: 2 | G15: 0 | H15: 0 | I15: 0 | J15: =IF(F15>0,G15/F15,0) -> 0
A16: RA | B16: 1 | C16: 0 | D16: 1 | E16: 0 | F16: 1 | G16: 0 | H16: 0 | I16: 0 | J16: =IF(F16>0,G16/F16,0) -> 0
A17: SA | B17: 4 | C17: 5 | D17: 9 | E17: 3 | F17: 6 | G17: 0 | H17: 0 | I17: 0 | J17: =IF(F17>0,G17/F17,0) -> 0
A18: SC | B18: 12 | C18: 17 | D18: 29 | E18: 4 | F18: 25 | G18: 0 | H18: 0 | I18: 0 | J18: =IF(F18>0,G18/F18,0) -> 0
A19: SI | B19: 8 | C19: 21 | D19: 29 | E19: 5 | F19: 24 | G19: 0 | H19: 0 | I19: 0 | J19: =IF(F19>0,G19/F19,0) -> 0
A20: PM | B20: 0 | C20: 0 | D20: 0 | E20: 0 | F20: 0 | G20: 0 | H20: 0 | I20: 0
A21: TOTAL | B21: =SUM(B3:B20) -> 67 | C21: =SUM(C3:C20) -> 109 | D21: =SUM(D3:D20) -> 176 | E21: =SUM(E3:E20) -> 35 | F21: =SUM(F3:F20) -> 141 | G21: =SUM(G3:G20) -> 0 | H21: =SUM(H3:H20) -> 0 | I21: =SUM(I3:I20) -> 0 | J21: =AVERAGE(J3:J20) -> 0

Sheet CAT III Controls
A1: CAT III (LOW CRITICALITY) CONTROLS
A2: Control Family | B2: Controls | C2: Subcontrols | D2: Total | E2: Not Applicable / Tailored Out | F2: Total Applicable | G2: Compliant | H2: Partially Compliant | I2: Planned / Not Compliant | J2: Percentage Compliant
A3: AC | B3: 17 | C3: 67 | D3: 84 | E3: 47 | F3: 37 | G3: 2 | H3: 0 | I3: 0 | J3: =IF(F3>0,G3/F3,0) -> 0.054054054
A4: AT | B4: 4 | C4: 6 | D4: 10 | E4: 3 | F4: 7 | G4: 0 | H4: 0 | I4: 0 | J4: =IF(F4>0,G4/F4,0) -> 0
A5: AU | B5: 12 | C5: 35 | D5: 47 | E5: 17 | F5: 30 | G5: 0 | H5: 0 | I5: 0 | J5: =IF(F5>0,G5/F5,0) -> 0
A6: CA | B6: 5 | C6: 11 | D6: 16 | E6: 10 | F6: 6 | G6: 0 | H6: 0 | I6: 0 | J6: =IF(F6>0,G6/F6,0) -> 0
A7: CM | B7: 2 | C7: 15 | D7: 17 | E7: 12 | F7: 5 | G7: 0 | H7: 0 | I7: 0 | J7: =IF(F7>0,G7/F7,0) -> 0
A8: CP | B8: 8 | C8: 30 | D8: 38 | E8: 34 | F8: 4 | G8: 0 | H8: 0 | I8: 0 | J8: =IF(F8>0,G8/F8,0) -> 0
A9: IA | B9: 7 | C9: 44 | D9: 51 | E9: 25 | F9: 26 | G9: 0 | H9: 0 | I9: 0 | J9: =IF(F9>0,G9/F9,0) -> 0
A10: IR | B10: 6 | C10: 22 | D10: 28 | E10: 8 | F10: 20 | G10: 0 | H10: 0 | I10: 0 | J10: =IF(F10>0,G10/F10,0) -> 0
A11: MA | B11: 5 | C11: 18 | D11: 23 | E11: 7 | F11: 16 | G11: 0 | H11: 0 | I11: 0 | J11: =IF(F11>0,G11/F11,0) -> 0
A12: MP | B12: 5 | C12: 14 | D12: 19 | E12: 4 | F12: 15 | G12: 0 | H12: 0 | I12: 0 | J12: =IF(F12>0,G12/F12,0) -> 0
A13: PE | B13: 16 | C13: 31 | D13: 47 | E13: 25 | F13: 22 | G13: 0 | H13: 0 | I13: 0 | J13: =IF(F13>0,G13/F13,0) -> 0
A14: PL | B14: 6 | C14: 4 | D14: 10 | E14: 2 | F14: 8 | G14: 0 | H14: 0 | I14: 0 | J14: =IF(F14>0,G14/F14,0) -> 0
... A20: PM | B20: 16 | C20: 0 | D20: 16 | E20: 0 | F20: 16 | G20: 0 | H20: 0 | I20: 0 | J20: =IF(F20>0,G20/F20,0) -> 0
A21: TOTAL | B21: =SUM(B3:B20) -> 167 | C21: =SUM(C3:C20) -> 472 | D21: =SUM(D3:D20) -> 639 | E21: =SUM(E3:E20) -> 353 | F21: =SUM(F3:F20) -> 286 | G21: =SUM(G3:G20) -> 2 | H21: =SUM(H3:H20) -> 0 | I21: =SUM(I3:I20) -> 0 | J21: =AVERAGE(J3:J20) -> 0.003003003
